food_natural_5,food_import_6,food_taste_7,food_make_import_8,brand_popular_9,packaging_10,packaging_11,packaging_12,packaging_13,packaging_14,packaging_15,packaging_16,packaging_17,packaging_18,packaging_19,opt1_buy,opt1_unique,opt1_premium,opt1_taste,opt1_personal,opt2_buy,opt2_unique,opt2_premium,opt2_taste,opt2_personal,opt3_buy,opt3_unique,opt3_premium,opt3_taste,opt3_personal,opt4_buy,opt4_unique,opt4_premium,opt4_taste,opt4_personal,opt5_buy,opt5_unique,opt5_premium,opt5_taste,opt5_personal,opt6_buy,opt6_unique,opt6_premium,opt6_taste,opt6_personal,opt7_buy,opt7_unique,opt7_premium,opt7_taste,opt7_personal,opt8_buy,opt8_unique,opt8_premium,opt8_taste,opt8_personal,opt9_buy,opt9_unique,opt9_premium,opt9_taste,opt9_personal,opt10_buy,opt10_unique,opt10_premium,opt10_taste,opt10_personal,age_,gender,status,mean_2,brand_list,top3_opt1,top3_opt2,top3_opt3,top3_opt4,top3_opt5,top3_opt6,top3_opt7,top3_opt8,top3_opt9,top3_opt10,cat_thai,cat_inter,cat_mixed,pkg_none,pkg_quality,pkg_packaging,pkg_gift,pkg_other
4,3,4,3,3,1,1,3,3,4,4,4,3,4,4,3,4,3,3,3,3,4,3,4,4,4,4,3,4,3,3,3,3,3,3,3,3,3,3,3,4,4,3,3,3,3,3,3,3,3,3,4,3,3,3,3,3,3,3,3,2,3,3,2,3,2,3,3,3,['king cat'],0,0,1,0,0,1,0,1,0,0,0,0,1,1,0,0,0,0
5,4,5,4,5,0,1,4,2,5,5,5,5,5,5,3,5,2,2,2,3,5,2,2,2,4,5,3,3,3,4,5,2,2,3,2,5,2,2,2,3,5,2,2,3,3,4,2,2,2,3,5,2,2,2,2,5,2,2,2,3,3,3,3,3,1,2,2,3,['kaniva'],0,0,1,1,0,0,0,0,0,1,0,1,0,0,0,0,0,1
2,2,4,2,4,1,1,4,2,4,2,4,4,5,5,5,5,3,3,5,5,5,5,5,5,3,3,3,3,3,3,3,3,3,3,3,3,3,3,3,5,5,5,5,5,5,5,5,5,5,5,5,5,5,5,5,5,5,5,5,5,5,5,5,5,1,2,4,2,['king cat'],0,1,0,0,0,0,0,0,1,1,0,1,1,0,0,1,0,0
5,4,3,5,5,1,1,3,2,5,5,5,4,5,5,3,3,1,1,1,3,2,1,1,1,3,3,3,4,1,3,3,1,4,1,3,3,3,4,1,3,3,3,3,2,3,4,3,4,1,4,4,3,4,2,3,3,3,3,3,3,3,3,3,3,1,3,3,3,['projen'],0,0,0,0,0,0,1,1,0,1,0,0,1,0,1,0,0,0
5,2,5,2,5,0,1,3,5,5,5,1,3,5,5,1,1,1,1,1,1,1,1,1,1,4,4,5,3,4,3,5,3,3,3,1,1,1,1,1,2,2,2,2,2,1,1,1,1,1,1,1,1,1,1,1,1,1,1,1,1,1,1,1,1,1,3,3,3,"['projen', 'cheershare']",0,0,1,1,0,1,0,0,0,0,0,1,0,0,1,0,0,0
4,2,5,2,5,1,1,5,2,3,4,2,3,4,4,3,4,2,3,4,2,4,2,3,3,5,5,5,5,5,3,3,3,3,3,3,3,3,3,3,2,2,2,2,2,4,4,4,4,4,3,3,3,3,3,3,3,3,3,3,3,3,3,3,3,1,2,2,3,['king cat'],0,0,1,0,0,1,1,0,0,0,0,1,0,1,0,0,0,0
3,2,4,1,4,1,1,3,5,5,5,2,4,5,4,1,5,1,1,1,1,5,1,1,1,2,4,1,1,2,3,4,2,3,3,1,5,1,1,1,1,4,1,1,1,1,1,1,1,1,3,3,2,1,3,1,1,1,1,1,1,1,1,1,1,1,2,4,2,['other'],0,0,1,1,0,0,0,1,0,0,1,0,0,0,1,0,0,0
5,1,3,1,3,0,1,1,1,5,1,5,5,5,5,1,1,1,1,1,1,5,1,1,1,1,5,1,1,1,1,5,1,1,1,1,5,1,1,1,1,5,1,1,1,1,3,1,1,1,1,3,1,1,1,1,3,1,1,1,1,5,1,1,1,2,2,3,3,['king cat'],0,1,1,0,0,1,0,0,0,0,0,1,0,1,0,0,0,0
3,3,4,3,4,1,1,4,4,4,4,3,4,4,3,3,3,3,2,3,4,4,4,3,3,4,4,4,3,4,3,3,3,3,3,3,3,3,3,3,4,4,4,3,3,4,4,4,3,3,4,4,3,3,3,2,3,3,3,3,3,3,3,3,3,2,3,3,2,['you-o'],0,1,1,0,0,1,0,0,0,0,1,0,0,0,0,1,0,0
3,4,5,4,5,0,1,4,5,5,3,3,3,5,4,3,3,4,3,3,4,5,4,3,4,4,5,4,3,5,3,5,3,3,3,4,5,4,3,4,3,5,3,3,2,4,5,5,3,4,3,5,3,3,2,4,5,3,3,3,2,5,2,3,1,1,3,4,3,['you-o'],0,1,1,0,0,0,1,0,0,0,1,0,0,0,0,0,1,0
5,4,5,4,5,1,1,5,3,5,5,5,5,5,4,4,4,3,3,3,3,2,3,2,2,4,3,3,4,3,2,3,2,2,2,3,2,2,2,2,3,3,3,2,2,3,3,3,2,2,2,2,2,2,2,2,2,2,2,2,2,2,2,2,2,1,2,4,3,['purino'],1,0,1,0,0,1,0,0,0,0,0,1,0,0,1,0,0,0
3,3,4,3,3,1,1,3,3,3,3,4,4,5,2,2,4,4,3,2,4,5,4,3,2,2,4,2,2,2,2,3,3,3,2,2,2,3,3,2,4,4,3,3,3,4,3,4,3,3,4,4,4,3,2,4,4,3,2,2,4,4,3,2,2,4,3,2,3,['king cat'],1,0,0,0,0,0,1,0,1,0,0,1,0,0,0,1,0,0
4,2,5,1,2,1,1,1,5,5,5,4,3,5,3,3,5,2,4,1,3,5,3,2,2,4,5,3,3,1,4,5,3,3,4,4,5,3,3,5,5,5,4,3,5,5,5,3,3,5,4,5,3,3,4,4,3,3,2,5,5,3,3,4,5,3,2,2,3,['other'],0,0,0,0,0,1,1,1,0,0,0,1,0,0,0,0,0,1
5,5,4,5,5,1,1,5,5,5,5,5,5,5,5,4,4,5,4,4,5,5,5,5,5,5,5,5,5,5,5,5,5,5,5,3,5,3,4,2,5,5,5,5,5,5,5,5,5,5,5,5,5,5,5,5,5,5,5,5,2,2,2,2,2,1,2,4,3,['kaniva'],0,1,0,0,0,0,1,0,1,0,0,1,0,0,1,0,0,0
5,3,5,4,4,1,1,4,3,4,3,5,5,5,4,3,3,2,1,1,3,3,3,3,3,4,3,4,5,5,4,4,3,3,3,3,3,3,3,3,4,4,5,4,5,5,5,5,4,4,3,3,3,4,3,3,3,3,3,3,4,4,5,5,4,2,2,3,3,['other'],0,0,1,0,0,1,0,0,0,1,1,1,0,0,1,0,0,0
5,4,5,3,5,1,2,5,5,3,5,3,5,5,4,4,5,4,4,4,5,5,4,4,4,4,4,4,4,4,3,5,4,4,3,4,4,4,3,3,3,3,3,3,3,4,4,4,4,4,4,3,3,3,3,4,3,3,3,3,3,4,3,3,4,2,3,4,2,['purino'],1,1,0,0,1,0,0,0,0,0,0,1,0,1,0,0,0,0
5,5,5,5,4,1,2,5,5,5,5,5,5,5,5,3,3,3,3,3,5,5,5,5,5,5,5,5,5,5,4,4,4,4,4,3,3,3,3,3,3,3,3,3,3,3,3,3,3,3,2,2,2,2,2,3,3,3,3,3,2,2,2,2,2,2,2,3,3,['kaniva'],1,1,1,0,0,0,0,0,0,0,0,1,0,1,0,0,0,0
4,2,5,3,4,1,1,4,3,3,3,3,3,4,3,4,4,3,4,3,3,4,3,3,3,5,5,5,4,5,5,5,4,4,4,4,4,3,4,3,4,5,4,3,3,4,4,4,4,4,4,5,5,4,4,3,4,3,3,3,3,4,4,3,3,4,3,2,3,['other'],0,1,0,0,0,1,1,0,0,0,1,0,0,0,1,0,0,0
3,3,5,3,4,0,2,3,3,3,3,3,3,3,4,4,4,3,2,2,4,4,3,3,2,4,3,3,3,3,3,3,3,3,3,2,2,2,2,2,2,2,2,2,2,4,4,4,4,4,4,4,3,4,4,2,2,2,2,2,3,4,3,3,2,2,2,4,2,['king cat'],0,1,1,0,0,0,1,0,0,0,1,0,1,1,0,0,0,0
5,3,5,4,5,1,1,4,4,3,4,3,4,5,5,3,5,4,3,4,3,4,4,3,3,5,5,5,3,4,5,5,5,5,4,3,4,3,4,3,5,5,4,5,4,5,5,4,5,5,4,5,4,4,4,3,4,4,4,3,4,5,4,5,4,2,3,2,3,['king cat'],0,0,0,0,0,1,1,0,0,1,0,1,0,1,0,0,0,0
4,3,5,3,4,1,1,4,3,4,5,3,2,4,4,3,4,2,3,2,4,4,3,3,3,4,4,3,4,3,3,4,3,3,3,3,4,4,3,3,3,4,3,3,3,3,4,3,3,3,4,4,4,3,4,3,3,3,3,3,4,4,4,4,4,2,2,2,3,"['king cat', 'solid gold']",0,0,1,0,0,0,0,1,0,1,0,1,0,0,0,0,0,1
4,4,5,4,4,1,2,4,4,4,4,4,4,4,4,4,4,4,4,4,5,5,5,5,5,4,4,4,4,4,5,5,5,5,5,4,4,4,4,4,5,5,5,5,5,4,4,4,4,4,4,4,4,4,4,5,5,5,5,5,4,4,4,4,4,2,2,1,2,['purino'],1,1,1,0,0,0,0,0,0,0,1,0,0,0,0,0,1,0
5,4,4,4,4,1,2,4,4,5,5,5,5,5,4,4,5,4,4,3,3,3,2,3,3,5,5,5,5,5,4,3,3,3,3,3,3,3,3,3,4,4,5,4,4,3,3,3,3,3,3,3,3,3,3,3,3,3,3,3,4,4,5,4,4,2,2,2,3,['friskies'],1,0,1,0,0,1,0,0,0,0,1,0,1,0,1,0,0,0
4,5,5,3,5,0,2,4,3,5,5,3,5,5,4,3,5,3,2,3,5,5,5,4,5,5,5,5,5,3,2,2,2,2,2,2,2,2,2,2,3,4,3,4,3,3,3,3,3,3,3,3,3,3,3,1,1,1,1,1,1,1,1,1,1,2,3,2,3,"['purino', 'kaniva']",0,1,1,0,0,1,0,0,0,0,0,1,0,0,0,1,0,0
4,2,5,2,3,1,1,4,4,4,4,5,3,4,4,3,4,3,3,3,4,4,3,4,4,4,4,3,3,4,3,3,3,3,3,3,3,3,3,3,3,3,3,3,3,3,4,4,3,3,3,4,3,3,3,4,4,4,4,4,3,3,3,3,3,3,2,3,3,['you-o'],0,1,1,0,0,0,0,0,1,0,1,0,1,0,0,0,0,1
4,3,4,3,4,1,2,4,3,5,4,4,4,4,3,3,3,2,3,2,3,4,3,3,3,3,4,4,3,3,3,4,3,3,3,3,4,4,3,3,3,4,4,4,3,3,3,2,3,3,4,4,3,4,3,2,3,2,3,3,2,3,2,3,3,1,3,3,3,['purino'],0,0,1,0,1,0,0,1,0,0,0,1,0,1,0,0,0,0
4,2,4,2,4,1,2,5,4,4,5,3,3,3,4,4,5,3,3,4,4,5,3,4,3,4,4,3,3,3,3,4,3,3,3,3,4,3,3,3,4,4,3,3,3,4,4,4,4,4,4,4,3,3,3,4,5,4,4,4,3,3,3,3,3,2,3,2,3,['king cat'],1,1,0,0,0,0,0,0,1,0,0,1,0,1,0,0,0,0
4,2,5,2,5,1,1,5,3,4,3,4,3,3,3,3,3,3,2,2,3,3,2,2,2,3,4,3,3,3,3,4,3,3,3,2,4,3,2,2,2,2,2,2,2,4,4,4,3,4,3,4,3,3,3,2,2,2,2,2,2,5,3,3,3,2,2,2,3,['king cat'],0,0,1,0,0,0,1,0,0,1,0,1,0,0,0,1,0,0
3,3,4,2,5,1,1,5,5,4,3,2,2,4,4,4,4,4,3,3,5,5,3,5,5,5,5,5,5,5,5,5,5,5,5,5,5,5,5,5,3,3,3,4,3,4,4,5,3,5,4,4,4,4,4,5,3,3,3,4,2,3,3,3,3,1,2,4,3,"['king cat', 'kaniva']",0,0,1,1,1,0,0,0,0,0,0,1,0,0,0,0,0,1
5,5,5,5,5,1,1,5,5,5,5,5,5,5,5,4,4,4,4,4,3,3,3,3,3,5,5,5,5,5,4,4,4,4,4,4,4,4,4,4,3,3,3,3,3,3,3,3,3,3,4,4,4,4,4,3,3,3,3,3,3,3,3,3,3,2,2,3,2,['kaniva'],1,0,1,1,0,0,0,0,0,0,1,1,0,1,0,0,0,0
5,5,5,5,4,0,1,2,2,5,5,2,3,5,5,3,5,2,2,2,3,3,2,2,2,5,5,3,3,5,5,5,3,3,4,2,3,2,2,2,3,5,4,3,3,2,3,3,3,3,4,5,3,4,4,3,3,3,4,2,2,2,2,2,2,1,3,3,3,['other'],0,0,1,1,0,0,0,1,0,0,0,1,0,0,1,0,0,0
5,4,4,4,4,0,1,5,5,5,5,5,4,4,5,4,4,3,2,2,3,5,3,2,3,4,5,5,4,4,2,5,2,2,2,2,5,2,2,2,5,5,5,5,5,3,5,3,3,3,4,5,4,4,4,3,3,3,3,3,2,2,2,2,2,2,3,3,2,['king cat'],0,0,0,0,1,1,1,0,0,0,0,1,0,1,0,0,0,0
3,4,2,2,3,1,2,3,3,3,3,3,3,2,3,2,3,2,2,3,3,3,3,3,3,4,4,3,3,4,3,3,2,4,4,4,4,3,2,3,2,3,3,4,3,3,3,4,4,2,2,4,4,4,3,2,2,3,4,4,4,4,3,3,4,1,3,4,2,['other'],0,1,1,0,0,1,0,0,0,0,0,0,1,1,0,0,0,0
5,3,4,1,4,1,1,5,4,5,3,5,3,5,4,3,3,2,2,2,3,3,3,2,2,4,4,3,3,4,3,4,2,3,2,3,4,4,4,2,4,4,3,4,4,3,4,4,4,2,3,4,3,3,2,3,3,2,3,2,5,5,3,4,4,1,2,4,2,['purino'],0,0,1,0,0,1,0,0,0,1,1,0,1,0,0,1,0,0
3,3,4,2,3,0,1,3,3,3,3,3,3,3,3,3,4,3,4,4,4,5,4,4,4,3,4,4,4,3,2,4,2,2,2,2,4,2,2,2,2,4,3,2,2,2,3,4,3,2,3,3,3,3,2,3,3,3,3,2,2,2,2,2,2,1,2,3,2,"['king cat', 'kaniva']",1,1,1,0,0,0,0,0,0,0,0,0,1,1,0,0,0,0
4,4,4,3,5,1,1,5,4,4,4,3,2,5,4,3,4,2,3,2,3,4,3,3,3,4,4,3,3,4,4,4,3,3,3,3,3,3,3,3,3,2,4,4,3,5,5,4,4,5,5,5,4,4,4,3,3,3,3,3,2,2,2,2,2,1,2,4,3,['buzz'],0,0,0,0,0,1,1,1,0,0,0,1,0,0,0,0,0,1
4,4,4,3,4,1,1,4,4,4,4,4,3,5,5,2,2,2,2,2,2,2,2,2,2,4,4,3,3,4,3,3,3,3,3,3,3,3,3,3,5,5,3,3,4,4,4,3,3,4,4,5,3,3,4,2,2,2,2,2,2,4,2,2,2,2,2,4,3,['king cat'],0,0,0,0,0,1,1,1,0,0,0,1,0,1,0,0,0,0
4,4,4,4,5,1,1,4,3,4,4,3,4,5,5,2,2,2,2,2,3,3,3,3,3,5,5,5,4,5,5,5,4,4,5,3,3,3,3,3,2,2,2,2,2,2,2,2,2,2,2,2,2,2,2,2,2,2,2,2,2,2,2,2,2,2,2,3,3,['king cat'],0,0,1,1,1,0,0,0,0,0,1,0,1,1,0,0,0,0
4,5,3,5,5,1,1,5,5,5,5,3,5,5,5,3,5,2,1,1,4,5,5,3,2,5,5,4,3,5,4,5,3,5,4,5,5,5,5,5,5,5,3,4,4,3,5,5,5,4,3,5,2,2,3,1,2,2,3,1,1,1,1,1,1,1,3,3,3,['kaniva'],0,0,1,0,1,1,0,0,0,0,0,1,0,0,1,0,0,0
4,3,5,2,3,1,2,4,4,5,4,4,4,4,3,3,3,3,3,2,2,2,2,2,2,4,4,4,4,4,3,3,3,3,3,2,2,2,2,2,2,2,2,2,2,2,2,2,2,2,2,2,2,2,2,2,2,2,2,2,2,2,2,2,2,4,2,4,3,['other'],1,0,1,0,0,0,0,1,0,0,1,0,0,0,1,0,0,0
4,2,5,2,3,0,1,2,4,4,4,2,2,5,4,3,4,2,3,3,4,4,3,2,3,5,3,3,4,4,2,2,3,2,2,2,3,3,2,2,4,4,3,3,3,3,4,3,3,3,3,4,3,3,3,3,3,3,3,3,3,3,3,3,3,2,2,2,2,['whiskas'],0,0,1,0,0,1,1,0,0,0,0,0,1,0,0,0,0,1
3,3,4,2,5,1,2,4,4,4,3,3,4,3,4,1,1,1,1,1,1,1,1,1,1,3,4,3,3,3,1,1,1,1,1,1,4,2,2,2,1,1,1,1,1,2,4,1,1,1,1,1,1,1,1,1,1,1,1,1,1,1,1,1,1,2,2,3,3,['king cat'],0,0,1,0,1,0,1,0,0,0,0,1,0,0,1,0,0,0
4,3,5,3,4,0,1,3,4,4,4,3,3,5,3,4,4,4,4,4,4,4,4,4,4,4,4,4,4,4,4,4,4,4,4,3,3,3,3,3,3,3,3,3,3,3,3,3,3,3,3,3,3,3,3,5,5,5,5,5,3,3,3,3,3,3,2,2,3,['king cat'],1,1,0,1,0,0,0,0,0,0,1,0,0,0,0,0,0,1
4,2,2,2,4,1,1,4,3,5,4,1,3,5,1,4,4,2,5,5,3,3,1,1,1,3,4,3,4,5,4,5,3,4,5,2,4,2,2,1,4,5,2,3,4,5,5,3,4,5,5,5,3,3,5,2,4,2,2,1,4,5,4,3,5,3,3,4,2,['you-o'],0,0,1,0,0,0,1,0,0,1,1,0,0,0,0,1,0,0
5,5,5,5,5,1,2,5,5,5,5,5,5,5,5,2,5,1,1,1,1,1,1,1,1,5,5,1,5,5,1,5,1,2,1,1,1,1,1,1,4,5,5,2,4,1,1,4,2,2,1,1,1,1,1,1,5,2,2,2,1,1,1,1,1,3,3,2,3,['other'],0,1,0,0,1,1,0,0,0,0,0,1,0,0,1,0,0,0
4,5,5,5,5,0,1,3,3,4,5,3,5,5,5,4,5,4,5,5,5,5,5,5,5,3,3,3,3,3,3,3,4,4,3,4,4,5,5,3,3,3,3,3,3,4,5,5,5,5,3,3,3,3,3,5,5,5,5,5,4,5,5,5,4,3,2,2,3,['other'],1,1,0,0,0,0,0,0,1,0,1,0,0,0,1,0,0,0
3,2,5,2,5,1,1,3,5,4,3,2,3,3,3,3,5,3,3,3,3,5,3,4,3,4,4,5,4,4,3,3,3,3,3,3,3,3,3,3,4,5,4,4,4,3,5,3,3,3,3,3,3,3,3,2,2,2,2,2,2,2,2,2,2,2,3,3,3,['you-o'],0,1,1,0,0,1,0,0,0,0,0,0,1,0,0,0,0,1
5,4,5,4,4,1,1,4,4,5,5,5,4,4,4,3,3,3,3,3,4,4,4,4,4,3,4,3,3,4,3,3,3,3,3,4,4,3,3,3,5,4,5,4,5,3,3,3,3,4,3,3,3,3,3,3,3,4,4,4,2,3,2,3,2,2,2,3,3,['other'],0,1,1,0,0,1,0,0,0,0,0,0,1,0,0,0,0,1
3,2,5,3,4,0,2,3,4,4,2,3,2,4,4,2,2,2,2,2,3,3,2,3,2,5,4,5,5,5,4,4,5,5,4,3,3,5,3,3,4,3,3,4,3,5,4,3,5,3,5,5,5,5,5,3,3,3,3,3,4,3,4,4,4,1,2,4,2,['you-o'],0,0,1,1,0,0,0,1,0,0,0,0,1,0,1,0,0,0
4,3,4,3,4,1,2,4,4,4,4,3,4,4,4,3,4,3,3,3,3,3,3,3,3,4,4,4,4,4,3,3,3,3,3,4,4,4,4,4,3,3,3,3,3,3,3,3,3,3,3,3,3,3,3,3,4,3,3,3,3,3,3,3,3,3,3,3,2,['petheria'],0,0,1,0,1,0,0,0,1,0,1,1,0,0,1,0,0,0
4,3,5,3,4,1,1,4,4,4,3,2,3,4,4,2,4,2,2,2,4,4,4,4,4,4,4,4,4,4,3,4,4,3,3,3,4,3,3,3,3,3,3,4,3,3,3,3,3,3,4,3,3,3,3,2,3,2,2,2,2,2,2,2,2,1,2,3,2,['kaniva'],0,1,1,1,0,0,0,0,0,0,1,0,0,1,0,0,0,0
4,2,5,2,2,1,2,3,3,3,3,4,3,4,3,2,3,3,3,2,2,4,2,2,2,3,4,3,3,3,3,4,3,3,3,3,4,3,3,2,4,4,3,3,3,3,4,3,3,3,4,4,3,3,4,2,4,2,2,2,2,4,4,3,2,3,2,4,2,"['king cat', 'friskies']",0,0,1,0,0,1,0,1,0,0,0,0,1,0,0,1,0,0
3,3,5,3,4,1,2,4,4,4,4,2,3,4,2,1,4,1,1,1,1,4,1,1,1,2,3,2,2,2,1,3,1,1,1,3,3,3,3,3,3,4,3,3,3,3,4,4,3,3,3,3,3,3,3,2,3,2,2,2,1,4,2,2,2,4,1,1,3,['whiskas'],0,0,0,0,0,1,1,1,0,0,0,0,1,0,0,0,0,1
5,3,5,3,4,0,1,4,4,5,2,3,3,5,3,4,4,4,5,3,3,2,4,3,3,4,2,3,3,3,4,2,3,3,3,4,5,5,4,4,3,2,2,2,2,3,2,2,3,3,4,4,5,5,4,3,2,3,3,3,2,2,2,2,2,1,2,3,3,"['projen', 'petheria']",1,0,0,0,1,0,0,1,0,0,0,0,0,0,1,1,0,0
5,5,5,5,5,1,2,5,5,5,5,5,5,5,5,3,3,3,3,3,4,4,4,4,4,5,5,5,5,5,5,5,5,5,5,3,3,3,3,3,5,5,5,5,5,5,5,5,5,5,4,4,4,4,4,3,3,3,3,3,3,3,3,3,3,2,2,3,3,['you-o'],0,0,1,0,0,1,1,0,0,0,1,0,0,0,1,0,0,0
5,3,4,4,4,1,2,4,3,4,4,4,4,5,4,3,4,3,4,4,3,4,3,3,3,4,4,4,3,4,4,4,4,3,4,3,3,3,3,3,3,3,3,4,3,3,4,3,3,3,3,3,3,3,3,3,4,3,4,3,3,4,3,3,3,2,2,3,3,['king cat'],1,0,1,1,0,0,0,0,0,0,1,0,1,0,0,0,0,1
4,4,5,4,5,1,1,4,3,4,4,4,4,5,5,3,5,4,3,3,4,5,3,3,3,2,5,3,3,3,2,3,3,3,3,5,3,4,4,4,4,4,3,3,3,5,5,5,5,5,5,5,5,5,5,3,3,3,3,3,3,3,3,3,3,1,2,4,3,['king cat'],0,0,0,0,1,0,1,1,0,0,1,0,0,1,0,0,0,0
5,4,5,5,5,1,1,5,5,5,5,4,4,4,3,4,4,3,3,3,3,4,3,3,3,3,5,4,4,3,3,3,4,4,4,5,5,4,5,5,2,3,2,3,2,4,4,4,5,4,2,3,2,2,2,3,3,3,3,3,2,2,3,2,2,2,3,2,3,"['king cat', 'purino']",1,0,0,0,1,0,1,0,0,0,1,0,1,1,0,0,0,0
4,4,4,4,4,0,1,4,4,4,4,3,4,5,4,3,3,3,3,3,3,3,3,3,3,3,4,3,4,3,3,3,3,3,3,3,3,3,3,3,3,3,3,3,3,3,3,3,3,3,3,3,3,3,3,3,3,3,4,3,3,3,3,3,3,2,2,2,3,['king cat'],0,1,1,0,0,0,0,0,1,0,1,0,0,1,0,0,0,0
5,3,5,3,5,0,1,4,3,4,3,3,3,4,3,3,4,3,3,3,2,3,2,2,2,4,4,4,3,4,3,4,3,3,3,3,4,3,3,3,3,4,3,3,3,3,4,3,3,3,3,4,3,3,3,3,4,3,3,3,3,4,3,3,3,3,2,2,3,['king cat'],1,0,1,0,0,0,0,0,1,0,1,0,0,1,0,0,0,0
4,4,4,3,4,1,1,3,4,4,4,5,5,5,5,3,3,3,3,3,4,3,3,3,3,5,4,5,5,4,4,4,4,4,4,3,4,3,3,3,3,4,4,3,3,3,3,3,3,3,3,3,3,3,3,3,3,3,3,3,3,3,3,3,3,2,2,3,3,['you-o'],0,0,1,1,0,1,0,0,0,0,1,1,1,1,0,0,0,0
4,3,5,4,5,1,1,4,4,4,5,4,5,4,5,3,5,4,3,3,4,5,4,4,3,5,5,4,4,4,5,5,5,5,5,5,5,5,5,4,5,5,4,5,4,4,5,5,5,4,5,5,4,5,5,3,5,3,3,3,3,5,4,3,3,2,2,3,3,['kaniva'],1,0,1,0,0,0,0,1,0,0,0,1,0,0,1,0,0,0
4,3,4,3,3,1,2,4,3,4,4,3,3,4,4,4,4,3,3,3,3,3,3,3,3,4,4,4,3,3,3,4,3,3,3,3,3,3,4,3,4,4,4,4,4,4,4,4,4,4,4,4,4,4,4,2,2,2,3,1,2,2,2,2,2,3,2,3,3,['friskies'],0,0,1,1,0,1,0,0,0,0,0,0,1,1,0,0,0,0
4,3,4,4,4,0,2,4,4,5,5,4,4,5,5,5,5,5,4,4,5,5,5,4,4,5,5,5,5,5,4,5,4,4,5,4,3,3,4,3,3,5,4,3,3,4,4,4,4,4,5,5,5,5,5,5,5,5,5,5,3,3,4,3,3,2,2,2,3,"['king cat', 'purino']",1,0,1,0,0,0,0,1,0,0,1,0,0,0,0,0,1,0
3,3,5,3,5,0,1,3,4,5,5,5,5,5,4,3,3,3,3,3,3,4,3,3,3,4,3,4,4,4,4,4,4,4,4,3,3,3,3,3,5,5,5,4,4,5,5,5,5,5,5,5,5,5,5,3,4,4,4,4,4,4,4,4,4,2,1,3,2,['buzz'],0,0,0,0,0,1,1,1,0,0,1,0,0,0,0,1,0,0
5,3,4,3,4,1,1,3,4,4,3,5,3,4,3,4,4,4,4,4,4,4,4,4,4,3,4,4,4,3,3,4,4,4,3,3,3,4,3,3,4,5,4,4,4,4,4,4,4,4,5,5,4,4,5,3,3,3,3,3,3,3,3,3,3,1,2,3,3,['other'],1,0,0,0,0,1,0,1,0,0,1,0,0,0,0,0,0,1
4,2,4,2,3,0,2,4,4,4,4,4,4,4,4,4,4,4,4,4,4,4,4,4,4,4,4,4,4,4,3,3,3,3,3,3,3,3,3,3,4,4,4,4,4,3,3,3,3,3,4,4,4,4,4,4,4,4,4,4,3,3,3,3,3,2,2,4,3,"['purino', 'friskies']",0,0,1,0,0,1,0,0,1,0,0,0,1,0,0,0,0,1
4,4,5,3,4,1,1,4,4,4,5,3,3,4,4,3,4,3,3,3,3,5,3,4,3,5,5,5,5,5,5,5,5,5,5,5,5,5,5,5,3,3,3,3,3,3,4,3,3,3,3,3,3,3,3,5,3,3,3,3,3,4,3,4,3,1,2,4,2,['king cat'],0,1,1,1,0,0,0,0,0,0,1,0,0,0,0,1,0,0
5,4,5,5,5,0,1,5,4,5,5,5,5,5,4,2,4,2,2,2,3,3,3,3,2,5,5,5,5,5,4,4,4,4,4,4,4,4,4,4,5,5,5,4,5,4,4,4,4,4,4,5,5,5,5,3,3,3,3,3,4,3,4,4,4,1,2,4,3,['buzz'],0,0,1,0,0,1,0,1,0,0,1,1,0,0,0,0,0,1
3,2,5,2,2,0,1,2,2,3,3,3,3,3,3,5,3,3,3,3,3,3,3,3,3,3,3,3,3,3,3,3,3,3,3,3,3,3,3,3,3,3,3,3,3,3,3,3,3,3,3,3,3,3,3,3,3,3,3,3,3,3,3,3,3,3,2,4,3,['other'],0,0,0,0,0,1,1,1,0,0,0,0,1,0,0,0,1,0
5,4,5,4,4,1,2,5,5,5,5,5,5,5,4,5,5,5,5,5,4,5,5,5,5,4,5,5,5,5,5,5,5,5,5,5,5,5,5,5,5,5,5,5,5,5,5,5,5,5,3,5,5,5,5,3,3,3,3,3,3,3,3,3,3,2,2,4,2,['you-o'],1,0,1,0,0,0,1,0,0,0,1,0,0,0,0,0,0,1
5,3,5,1,3,1,1,3,5,5,4,2,3,5,3,2,3,3,2,2,4,3,2,4,3,4,3,3,3,4,4,4,3,4,4,4,4,3,3,3,4,4,3,4,3,3,3,3,3,2,2,3,2,3,2,4,4,4,4,4,3,3,3,4,3,2,2,4,3,"['purino', 'whiskas', 'buzz']",0,0,1,1,0,0,0,0,1,0,0,0,1,0,0,0,0,1
5,4,4,4,5,1,1,4,4,4,4,2,4,5,3,1,4,1,1,1,1,4,1,1,1,4,4,3,4,3,1,4,1,1,1,1,1,1,1,1,4,4,3,4,3,1,1,1,1,1,1,1,1,1,1,1,4,3,1,1,1,4,4,4,1,2,3,3,3,['king cat'],0,0,1,0,0,1,0,0,0,1,0,1,0,0,0,0,0,1
5,3,5,4,4,1,1,4,4,4,4,4,4,4,4,4,4,4,4,4,5,5,5,5,5,5,5,5,5,5,3,4,4,4,4,4,4,4,4,4,5,5,5,4,4,3,3,3,3,3,4,4,4,4,4,3,3,3,3,3,2,2,2,2,2,4,2,2,3,['king cat'],1,1,0,0,1,0,0,0,0,0,0,0,0,0,0,0,0,1
5,4,5,4,4,0,1,4,4,3,4,4,3,4,3,3,3,2,4,3,4,4,4,4,4,5,5,5,4,4,2,2,2,2,2,2,2,2,2,2,4,4,4,4,4,3,3,3,3,3,3,3,3,3,3,1,1,1,1,1,1,1,1,1,1,4,2,1,3,['purino'],0,1,1,0,0,1,0,0,0,0,0,1,0,0,1,0,0,0
5,5,5,5,5,0,1,4,4,5,4,5,5,5,5,3,4,3,2,2,3,3,3,3,3,4,4,4,4,4,4,4,4,4,4,4,4,4,4,4,4,4,4,4,4,4,4,4,4,4,4,4,4,4,4,4,4,4,4,4,4,4,4,4,4,1,2,3,3,['whiskas'],0,0,1,0,0,1,0,0,0,1,1,0,0,0,0,0,0,1
4,4,4,4,4,1,1,4,4,4,4,4,4,4,4,3,3,3,3,3,3,3,3,3,3,3,3,3,3,3,3,3,3,3,3,4,4,4,4,4,3,3,3,3,3,3,3,3,3,3,3,3,3,3,3,3,3,3,3,3,2,2,2,2,2,2,2,4,2,['you-o'],0,1,1,0,1,0,0,0,0,0,0,0,1,1,0,0,0,0
4,3,4,2,3,0,1,3,3,5,5,4,4,4,3,4,5,4,3,3,3,3,3,3,3,5,4,4,4,4,4,4,4,3,3,4,3,3,3,3,5,5,4,4,4,4,3,4,4,3,3,3,3,3,3,3,3,3,3,3,3,4,3,3,3,2,2,4,2,['other'],0,0,1,0,1,1,0,0,0,0,1,0,0,1,0,0,0,0
5,4,5,4,5,1,1,5,5,4,4,4,4,5,4,3,4,3,3,3,4,4,4,4,3,5,5,5,4,5,4,4,3,3,3,4,4,3,3,3,4,4,4,4,4,5,5,5,5,5,4,3,3,3,3,3,4,3,3,3,3,4,4,3,3,2,2,3,3,['king cat'],0,1,0,0,0,1,1,0,0,0,0,1,0,0,0,0,0,1
4,4,4,3,4,1,1,4,3,4,4,3,3,4,3,3,4,3,3,3,4,4,4,4,4,4,4,4,4,4,3,4,4,4,3,3,5,4,4,3,3,4,3,3,3,4,5,4,4,3,4,5,4,4,3,3,4,4,3,3,3,4,3,3,3,1,2,4,3,['purino'],0,0,1,1,0,0,1,0,0,0,0,1,0,0,0,0,0,1
5,4,5,4,5,0,1,4,5,5,5,5,4,5,5,5,5,5,5,5,4,4,3,5,4,5,5,5,5,5,5,5,5,5,5,5,5,5,5,5,3,3,3,3,3,3,3,3,3,3,5,5,5,5,5,5,5,5,5,5,2,2,2,2,2,1,2,2,3,['whiskas'],1,0,1,1,0,0,0,0,0,0,1,0,0,1,0,0,0,0
4,3,5,3,5,0,1,4,5,3,5,1,3,4,3,1,4,2,1,1,3,4,3,1,1,4,5,3,4,4,5,5,4,4,5,3,3,1,3,1,2,3,3,2,1,1,1,1,1,1,4,4,4,5,5,1,1,1,1,1,3,3,2,2,1,1,2,4,3,['you-o'],0,0,1,1,0,0,0,1,0,0,0,0,1,0,0,0,1,0
4,2,5,2,3,0,2,2,3,4,3,3,3,4,4,3,3,3,3,3,4,4,3,3,4,3,4,2,4,3,3,3,2,3,2,4,4,4,4,4,4,4,3,4,4,3,3,2,3,2,2,4,2,3,2,3,2,4,4,3,3,4,3,3,2,2,3,4,2,['whiskas'],0,1,0,0,1,1,0,0,0,0,0,0,1,1,0,0,0,0
4,3,4,3,5,1,1,4,4,4,4,5,3,5,3,2,2,2,2,2,4,5,4,4,4,4,4,5,4,5,4,4,4,4,4,3,3,3,2,1,1,1,1,1,1,3,2,2,1,2,2,2,2,1,2,2,2,2,1,2,1,1,1,1,1,2,3,4,3,['other'],0,1,1,1,0,0,0,0,0,0,0,0,1,1,0,0,0,0
4,3,5,4,4,1,1,4,5,4,3,4,4,4,3,3,4,3,3,3,4,5,3,3,4,5,4,4,3,4,4,4,3,4,4,2,3,3,3,3,3,3,4,4,3,3,4,3,4,3,3,4,3,3,3,2,3,2,3,2,2,2,2,3,2,2,2,4,3,"['you-o', 'whiskas']",0,1,1,1,0,0,0,0,0,0,0,0,1,0,0,0,0,1
4,3,5,3,4,0,2,3,4,3,3,3,3,4,3,2,4,2,2,1,4,3,2,2,2,3,4,3,2,3,3,4,3,3,3,3,4,4,3,3,3,4,3,3,3,2,3,2,2,2,3,4,3,3,3,3,4,3,3,3,3,4,4,3,3,3,3,3,3,"['purino', 'friskies']",0,0,1,1,0,0,0,0,0,1,0,1,1,0,0,1,0,0
4,3,5,4,4,1,2,4,5,5,5,5,3,5,4,4,5,3,4,4,3,3,3,2,2,4,3,4,3,3,4,5,4,4,4,3,3,3,3,3,3,3,2,3,2,2,3,2,2,2,2,3,3,3,2,3,3,2,3,3,2,2,2,2,2,2,2,4,3,['whiskas'],1,0,1,1,0,0,0,0,0,0,1,0,0,1,0,0,0,0
4,2,4,2,3,0,1,2,2,5,3,3,2,5,5,4,4,3,3,3,3,4,3,3,3,4,5,4,4,4,3,3,3,3,3,4,4,3,3,3,3,3,3,3,3,3,3,3,3,3,4,4,3,3,3,3,3,3,3,3,3,3,3,3,3,2,2,3,3,['king cat'],0,0,1,1,1,0,0,0,0,0,1,0,0,0,1,0,0,0
4,3,5,3,4,1,1,3,3,3,3,3,3,4,4,3,3,3,3,3,3,3,3,4,3,4,4,4,4,4,3,4,3,4,3,3,3,3,3,3,4,4,4,4,4,3,3,3,4,3,3,3,3,4,3,4,4,3,5,3,3,3,3,3,3,1,2,4,2,['kaniva'],0,0,1,0,0,1,0,0,1,0,1,0,1,1,0,0,0,0
4,3,5,3,4,1,1,4,3,5,5,5,4,5,4,3,4,3,4,3,5,5,3,4,3,5,4,5,5,5,3,4,3,4,3,5,4,5,5,5,5,5,5,4,5,4,4,4,4,4,4,3,3,3,3,4,4,3,4,4,4,4,4,4,3,2,2,4,3,['you-o'],0,0,1,0,0,1,1,0,0,0,0,0,1,1,0,0,0,0
5,4,5,4,4,1,2,4,5,4,4,5,4,5,5,4,5,4,5,5,5,5,5,4,4,5,4,4,5,5,4,4,5,4,5,4,5,5,4,5,4,4,4,4,4,4,4,4,4,4,4,4,5,4,5,4,5,4,5,5,3,3,4,3,4,1,1,3,3,['other'],1,1,1,0,0,0,0,0,0,0,0,1,0,0,1,0,0,0
4,1,5,1,4,1,2,4,3,3,4,4,3,4,3,1,3,2,1,1,3,3,2,3,1,4,4,4,4,4,4,3,3,4,3,3,4,4,4,4,4,4,3,4,4,3,3,3,3,3,4,4,4,4,4,4,3,3,4,4,3,4,3,3,3,1,2,3,3,['purino'],0,0,1,1,0,1,0,0,0,0,0,1,1,1,0,0,0,0
4,3,5,3,5,0,2,4,3,5,4,3,4,4,3,3,4,3,3,3,3,3,4,3,3,2,4,2,3,2,3,4,3,3,3,3,3,3,3,3,2,2,2,2,2,2,2,2,2,2,3,4,3,3,3,3,3,3,3,3,3,4,3,3,3,2,2,4,3,['purino'],0,1,0,0,0,0,1,0,1,0,0,1,0,1,0,0,0,0
5,5,5,5,5,0,1,5,5,5,5,5,5,5,5,2,4,3,4,2,5,5,5,5,5,5,5,5,5,5,5,5,5,5,5,5,5,5,5,5,5,5,5,5,5,5,5,5,5,5,5,5,5,5,5,5,5,5,5,5,5,5,5,5,5,1,2,4,3,['you-o'],0,0,1,0,1,1,0,0,0,0,1,0,0,1,0,0,0,0
3,3,4,4,5,0,3,4,4,5,3,3,5,5,4,3,4,3,3,2,4,5,3,3,4,4,3,4,4,4,3,3,2,2,2,1,1,1,1,1,1,1,1,1,1,3,3,3,4,3,4,3,4,4,4,1,1,1,1,1,1,1,1,1,1,1,2,3,3,['king cat'],0,1,1,0,0,0,0,1,0,0,0,1,0,0,0,0,0,1
5,3,4,3,5,1,1,4,5,4,5,5,4,5,3,4,4,4,4,4,4,4,4,5,4,5,5,5,5,5,5,5,5,5,5,5,5,5,5,5,4,4,4,4,4,4,4,4,4,4,4,4,4,4,4,4,4,4,4,4,4,4,4,4,4,1,2,4,2,"['you-o', 'whiskas']",0,0,1,1,1,0,0,0,0,0,0,0,1,1,0,0,0,0
3,3,5,4,4,0,1,3,2,2,5,3,4,5,3,4,4,3,3,3,4,4,3,3,4,3,3,3,3,3,4,4,3,3,4,3,3,3,3,3,2,2,2,2,1,4,4,3,3,3,2,2,3,3,3,1,2,1,1,1,2,4,2,2,2,1,2,3,3,['solid gold'],0,1,0,1,0,0,1,0,0,0,0,1,0,1,0,0,0,0
5,3,3,5,5,1,1,5,3,3,5,5,5,5,3,1,3,1,1,1,1,3,1,1,1,3,1,4,3,1,1,1,2,1,1,1,3,4,1,1,1,1,3,1,1,4,4,4,3,3,1,1,4,4,1,1,1,1,1,1,1,2,4,1,1,3,3,4,3,['taste of the wild'],0,0,0,0,0,0,1,0,1,1,1,0,0,0,0,1,0,0
4,4,5,4,4,1,2,5,4,5,5,3,4,4,4,3,3,2,2,2,4,4,3,4,4,3,3,2,2,1,3,3,2,3,1,4,4,3,3,4,1,2,1,2,1,4,3,4,4,2,3,2,3,3,2,3,3,3,2,2,1,2,3,2,1,3,2,2,3,"['king cat', 'purino', 'kaniva']",0,1,0,0,1,0,0,0,1,0,0,1,0,0,1,0,0,0
5,3,5,3,4,0,2,4,4,5,5,4,3,4,4,1,1,1,1,1,3,3,3,3,3,4,4,4,4,4,4,4,4,4,4,3,3,3,3,3,3,3,3,3,3,3,3,3,3,3,3,3,3,3,3,2,2,2,2,2,2,2,2,2,2,3,2,3,3,"['purino', 'kaniva']",0,0,1,1,1,0,0,0,0,0,0,0,1,0,1,0,0,0
4,3,5,3,5,1,2,5,5,5,5,3,3,4,3,3,5,4,3,2,4,5,5,4,4,4,5,3,5,4,3,5,4,4,4,3,5,5,4,4,2,5,3,4,3,2,4,3,4,3,3,5,3,4,3,4,5,3,4,4,4,5,5,5,4,2,2,4,2,['kaniva'],0,1,0,0,1,0,0,0,0,1,1,0,0,1,0,0,0,0
4,3,3,3,4,0,1,3,3,4,3,3,4,4,5,3,4,3,4,3,3,3,3,3,3,2,4,2,3,2,2,2,2,2,2,2,2,2,2,2,2,2,2,2,2,2,2,2,2,2,3,3,3,3,3,3,3,3,3,3,2,2,2,2,2,3,2,2,3,['king cat'],1,1,0,0,0,0,0,1,0,0,0,0,1,1,0,0,0,0
5,1,5,1,4,1,1,4,4,4,4,4,3,4,4,2,3,3,3,3,3,3,3,3,3,3,4,3,3,3,3,3,3,3,3,3,3,3,3,3,3,3,3,3,3,3,3,3,3,3,3,3,3,3,3,4,3,3,3,3,3,3,3,3,3,3,2,2,3,"['king cat', 'purino', 'kaniva']",0,0,1,0,1,0,0,0,1,0,0,1,0,0,0,0,0,1
3,2,5,1,3,1,1,4,4,2,1,1,1,4,3,1,5,1,1,1,1,4,2,3,1,4,5,2,3,3,3,5,1,3,1,1,5,1,1,1,1,5,1,1,1,1,5,1,1,1,3,5,2,1,1,1,5,1,4,1,1,5,1,1,1,1,2,4,2,['other'],0,0,1,1,0,0,0,1,0,0,1,0,0,0,0,1,0,0
5,3,3,4,5,1,1,5,5,5,5,3,5,4,5,3,4,3,3,3,4,4,4,4,4,4,4,4,4,4,4,4,4,4,4,4,4,4,4,4,5,5,5,5,5,5,5,5,5,5,5,5,5,5,5,4,4,4,4,4,3,3,3,3,3,3,2,3,3,"['solid gold', 'taste of the wild']",0,0,0,1,0,1,1,0,0,0,1,0,1,0,1,0,0,0
5,2,5,3,2,1,1,5,5,4,4,4,3,3,3,3,3,2,2,2,3,3,3,3,3,4,4,3,3,3,3,3,3,3,3,4,4,4,4,3,3,4,3,3,3,5,4,4,4,4,4,4,4,4,4,3,3,3,3,3,4,4,4,4,4,1,2,3,3,['king cat'],0,0,0,0,1,0,1,1,0,0,0,1,0,0,1,0,1,0
4,4,5,4,5,0,2,4,5,5,4,4,3,5,4,3,3,3,3,3,3,3,3,3,3,3,3,3,3,3,3,3,3,3,3,3,3,3,2,3,4,4,3,3,4,3,3,3,3,3,4,4,3,3,4,3,3,3,3,3,3,3,3,3,3,2,2,2,3,['king cat'],0,0,0,0,0,1,1,1,0,0,0,1,0,0,0,1,0,0
4,4,4,4,4,1,1,4,3,3,3,5,4,5,4,3,4,2,3,2,2,4,3,3,2,3,4,3,3,3,3,4,3,3,3,4,3,3,3,4,4,5,4,4,4,4,4,4,4,4,4,4,4,4,4,3,3,3,3,3,2,2,2,2,2,2,3,3,2,['solid gold'],0,0,0,0,0,1,1,1,0,0,0,1,0,1,0,0,0,0
5,4,5,4,4,1,2,4,5,5,5,4,4,5,5,3,4,3,3,3,4,4,4,4,4,4,4,4,4,4,5,4,5,5,5,3,3,3,3,3,2,2,2,2,2,2,2,2,2,2,3,3,3,3,3,3,3,3,3,3,2,2,2,2,2,1,2,4,2,['purino'],0,1,1,1,0,0,0,0,0,0,1,0,0,1,0,0,0,0
4,5,5,5,5,1,1,3,3,4,4,5,5,5,5,2,2,2,2,2,3,3,3,3,3,3,3,3,3,3,1,1,2,2,2,3,3,3,3,3,3,3,3,3,3,4,3,2,3,2,2,2,3,3,2,2,3,3,3,2,5,5,4,5,4,3,1,1,2,['whiskas'],0,0,0,0,0,0,0,1,1,1,0,0,1,1,0,0,0,0
4,4,5,3,4,1,1,4,4,4,4,3,3,4,4,3,3,3,3,2,3,3,3,3,3,4,4,4,4,4,3,3,3,3,3,3,3,3,3,3,3,4,3,3,3,4,4,4,3,3,3,3,3,3,3,3,3,3,3,3,3,3,3,3,3,2,2,2,3,['buzz'],0,0,1,0,0,1,1,0,0,0,0,1,0,1,0,0,0,0
5,4,5,3,5,1,1,5,4,5,5,5,5,5,5,3,3,3,3,3,5,5,5,5,5,5,5,5,5,5,5,5,5,5,5,4,4,4,4,4,4,4,3,3,3,4,4,3,4,4,5,4,5,5,4,3,3,3,3,3,3,3,3,3,3,2,2,4,3,['purino'],0,1,1,1,0,0,0,0,0,0,1,0,1,1,0,0,0,0
5,2,4,2,3,1,1,3,2,4,5,4,5,3,3,3,4,2,2,2,3,4,3,4,3,3,4,3,3,3,4,4,3,3,3,4,4,4,3,4,3,4,3,3,3,4,4,4,3,3,3,4,3,3,3,2,2,3,3,2,2,4,3,3,3,2,2,2,3,"['buzz', 'cheershare']",0,0,0,1,1,0,1,0,0,0,0,0,1,0,1,1,0,0
3,5,4,4,5,1,2,4,5,3,3,3,5,5,4,3,4,3,3,3,3,4,3,3,3,4,4,4,4,4,4,4,3,4,3,3,3,3,3,3,2,2,2,2,2,2,2,2,2,2,5,5,4,4,4,2,2,2,2,2,1,1,1,1,1,2,2,3,3,['king cat'],0,0,1,1,0,0,0,1,0,0,1,0,0,0,0,0,0,1
5,3,3,3,4,1,1,5,4,5,5,4,3,5,4,3,3,3,3,3,3,3,4,3,3,4,4,4,3,4,3,3,4,3,3,3,3,4,3,3,4,5,5,3,4,3,3,3,3,3,3,3,4,3,3,3,4,4,3,3,3,3,3,3,3,2,2,4,3,['purino'],0,1,1,0,0,1,0,0,0,0,0,0,1,0,1,0,0,0
5,1,5,1,1,1,1,5,3,5,5,5,5,5,1,2,3,3,3,2,4,4,4,3,4,4,4,4,4,4,5,5,5,5,5,3,3,3,3,3,4,4,4,4,4,5,5,5,5,5,3,3,3,3,3,4,4,4,4,4,3,3,3,3,3,2,2,2,3,"['king cat', 'projen']",0,0,1,1,0,0,1,0,0,0,0,1,0,1,0,0,0,0
5,3,2,3,3,0,1,3,3,4,3,5,4,3,3,3,3,3,3,3,3,3,3,3,3,4,4,3,3,3,4,4,3,3,3,3,3,3,3,3,4,4,3,3,3,3,4,3,3,3,4,4,3,3,3,3,3,3,3,3,2,3,3,3,3,2,2,2,3,['other'],0,0,1,1,0,0,1,0,0,0,0,1,0,0,1,0,0,0
5,4,5,4,5,1,2,4,4,5,5,4,4,4,4,3,4,3,3,3,4,4,3,4,4,3,3,3,4,3,2,2,2,2,2,3,3,3,3,3,3,4,4,4,3,4,4,4,3,4,3,3,3,3,3,4,3,3,4,4,2,2,2,2,2,3,2,2,2,['king cat'],0,1,0,0,0,0,1,0,1,0,1,0,0,0,0,0,0,1
4,3,5,2,5,1,1,3,2,5,5,3,1,4,3,4,1,3,1,3,4,3,3,1,3,4,3,3,3,3,4,3,3,3,3,3,3,3,3,2,3,2,2,3,1,3,4,3,3,3,4,4,3,3,3,4,4,3,3,3,1,3,3,3,1,2,3,3,3,"['king cat', 'purino', 'you-o', 'buzz']",0,1,1,0,0,0,0,1,0,0,1,0,1,0,0,0,1,0
4,4,5,3,4,1,1,4,4,4,4,3,3,4,2,2,4,3,3,2,2,4,3,2,2,4,4,4,3,4,2,4,3,2,2,2,2,2,3,2,3,4,4,3,3,2,2,3,2,3,4,4,4,3,4,2,2,2,3,2,2,4,2,2,2,2,2,4,3,['whiskas'],0,0,1,0,0,1,0,1,0,0,0,0,1,1,0,0,0,0
5,3,4,3,3,0,1,3,1,1,5,1,3,3,2,2,2,1,2,1,1,1,1,1,1,1,1,1,1,1,1,1,1,1,1,1,1,1,1,1,1,1,1,1,1,1,1,1,1,1,3,4,4,3,4,2,1,1,2,2,2,2,2,2,2,1,2,3,3,['projen'],0,0,0,0,0,0,1,1,0,1,1,0,0,1,0,0,0,0
5,3,5,3,3,0,1,1,1,4,4,3,2,4,2,1,1,1,1,1,1,1,1,1,1,1,1,1,1,1,1,1,1,1,1,1,1,1,1,1,4,4,4,4,4,1,1,1,1,1,1,1,1,1,1,1,1,1,1,1,4,4,4,4,4,2,2,2,3,['king cat'],0,0,0,0,0,1,0,0,1,1,1,0,1,0,1,0,0,0
4,4,4,4,4,1,2,4,4,4,4,4,4,4,4,2,3,2,2,2,2,3,3,3,2,4,3,3,3,3,3,3,3,3,3,2,3,3,3,3,3,3,3,4,2,2,3,3,3,2,2,3,2,2,2,2,3,3,3,2,3,4,3,2,2,3,2,2,2,['kaniva'],0,0,1,0,0,1,0,1,0,0,0,0,1,1,0,0,0,0
3,3,4,4,5,0,2,4,4,2,4,3,2,4,5,2,3,2,2,3,4,3,4,4,4,4,4,3,4,4,1,3,2,2,2,3,4,4,4,2,3,4,2,2,4,3,3,4,2,4,3,3,3,3,3,3,2,4,4,2,3,3,4,3,4,1,2,4,3,['king cat'],0,0,1,0,0,1,0,0,1,0,0,1,0,1,0,0,0,0
3,3,3,3,5,0,1,5,3,5,3,5,5,5,4,3,3,3,2,2,3,3,3,3,2,4,4,3,3,4,4,4,3,3,4,3,3,3,3,2,3,3,3,3,2,3,3,3,3,2,4,4,4,3,4,2,2,2,2,2,1,1,1,1,1,2,2,4,3,['kaniva'],0,0,1,1,0,0,0,1,0,0,0,1,1,1,0,0,0,0
5,4,3,3,4,1,1,4,4,5,4,4,4,4,3,2,2,2,2,2,5,4,3,3,3,5,5,5,4,4,4,4,3,3,3,4,5,3,3,3,4,5,4,3,3,5,5,5,5,5,5,5,4,4,4,5,5,4,5,5,3,4,3,3,2,1,1,3,3,['other'],0,0,1,0,0,0,1,0,1,0,0,0,1,0,0,0,0,1
5,4,5,4,5,1,3,5,4,5,5,4,5,5,3,3,4,3,3,3,3,3,3,3,3,4,4,3,3,4,3,4,3,3,3,3,3,3,3,3,3,4,3,3,3,4,4,3,3,4,4,4,4,3,4,3,3,3,3,3,2,4,2,2,2,2,2,3,3,['solid gold'],1,1,0,0,0,0,0,1,0,0,0,1,0,1,0,0,0,0
5,4,5,4,5,1,2,5,5,5,3,3,3,5,5,5,5,4,4,3,5,5,3,4,3,5,5,5,5,5,5,5,5,5,5,4,4,3,3,3,3,3,3,3,3,4,4,4,3,3,4,4,3,2,3,3,3,3,3,3,3,3,3,3,3,2,2,4,3,"['you-o', 'whiskas']",1,0,1,1,0,0,0,0,0,0,1,0,1,1,0,0,0,0
5,1,5,1,1,1,1,5,1,5,5,5,1,5,1,3,3,3,3,3,3,3,3,3,3,4,4,4,3,4,3,3,3,3,3,3,3,3,3,3,3,4,3,4,3,3,4,4,4,3,3,3,3,3,3,3,3,3,3,3,3,3,3,3,3,1,3,4,3,['other'],1,0,1,0,0,0,1,0,0,0,1,0,0,0,1,0,0,0
5,2,5,3,5,1,2,5,4,3,5,5,4,4,4,3,4,2,4,3,2,3,4,2,2,4,4,4,4,3,3,4,3,4,2,2,3,3,3,2,4,5,4,4,4,2,5,2,3,3,4,5,4,4,4,3,3,2,2,2,2,2,3,2,2,3,3,3,3,['king cat'],1,0,0,0,0,1,0,1,0,0,1,0,0,0,0,1,1,0
5,4,4,3,4,0,2,3,3,3,5,4,3,4,5,4,4,3,3,3,4,4,3,3,3,4,4,4,4,4,4,4,3,3,3,3,3,3,3,3,2,4,3,3,3,3,4,3,3,3,3,3,3,3,3,3,3,3,3,3,3,3,3,3,3,1,2,3,3,['friskies'],0,1,1,1,0,0,0,0,0,0,1,1,1,0,0,0,0,1
3,3,4,3,4,0,1,3,2,5,3,3,3,4,4,2,2,2,2,2,3,3,3,3,3,3,3,3,3,4,3,4,3,3,4,4,3,4,4,3,3,3,3,3,3,3,3,3,3,3,3,3,3,3,3,3,3,3,4,3,3,4,3,3,3,1,2,3,1,['cheershare'],0,0,1,0,1,0,0,0,1,0,0,1,0,0,0,0,0,1
5,3,5,3,3,0,2,3,3,3,3,5,3,4,4,5,5,5,5,5,5,5,5,5,5,5,5,5,5,5,5,5,5,5,5,3,3,3,3,3,3,3,3,3,3,3,3,3,3,3,3,3,3,3,3,3,3,3,3,3,3,3,3,3,3,3,2,4,3,['purino'],1,1,1,0,0,0,0,0,0,0,0,0,1,1,0,0,0,0
5,2,3,1,3,0,2,5,3,5,5,4,5,5,4,2,4,1,1,1,2,4,1,2,1,2,5,3,3,3,2,5,3,3,3,1,4,2,2,1,3,4,3,3,3,2,5,1,2,1,3,5,3,3,3,2,5,2,2,1,3,4,4,3,3,2,2,2,3,['other'],0,0,1,0,0,1,0,0,0,1,0,1,0,0,0,0,0,1
5,3,5,3,4,0,2,3,4,3,2,3,2,4,3,4,4,4,4,4,3,4,3,2,2,3,3,3,2,2,3,3,3,2,2,2,2,2,2,2,3,3,3,3,2,3,3,3,3,2,4,4,3,3,3,3,3,2,2,2,4,5,4,4,4,4,2,4,3,['purino'],1,0,0,0,0,0,0,1,0,1,1,0,1,0,0,1,0,0
5,3,5,2,3,1,2,4,4,5,5,4,4,5,4,2,2,1,1,1,3,3,2,2,2,3,4,3,3,2,3,3,3,3,3,3,3,3,3,3,2,2,2,2,2,3,3,3,3,3,3,3,3,3,3,4,4,3,3,2,3,5,4,3,2,3,2,2,3,['kaniva'],0,0,1,0,1,0,0,0,1,0,0,0,1,0,1,0,0,0
4,3,4,3,3,1,2,4,4,5,5,4,5,5,3,4,4,4,4,4,4,4,4,4,4,4,4,4,4,4,4,4,4,4,4,4,4,4,4,4,4,4,4,4,4,4,4,4,4,4,4,4,4,4,4,4,4,4,4,4,3,4,4,4,4,3,3,2,1,['whiskas'],1,1,0,0,0,1,0,0,0,0,1,0,1,0,0,0,1,0
5,2,3,2,4,1,1,3,3,3,4,3,3,4,3,3,3,3,2,3,4,3,3,3,4,4,3,3,3,4,3,4,3,3,3,4,4,3,3,4,3,4,3,3,3,3,3,3,3,3,3,3,3,3,3,3,3,3,3,3,3,3,3,3,3,3,2,4,2,['kaniva'],0,1,1,0,1,0,0,0,0,0,1,1,1,0,0,1,0,0
4,4,4,4,4,1,1,4,4,5,5,4,5,5,4,3,3,3,3,3,4,3,3,4,4,4,4,3,4,3,2,2,2,2,2,3,2,2,3,2,3,3,3,3,3,3,3,3,3,3,2,2,2,2,2,3,3,3,3,3,2,3,2,2,2,1,3,2,2,['other'],1,1,1,0,0,0,0,0,0,0,0,1,0,1,0,0,0,0
4,3,3,3,4,1,1,3,3,3,4,5,5,5,3,3,3,3,3,3,3,3,3,3,3,3,4,3,3,4,3,3,3,3,3,3,3,3,3,3,3,3,3,3,3,3,3,3,3,3,3,3,3,3,3,3,3,3,3,3,3,3,3,3,3,4,3,2,3,['king cat'],0,0,1,0,0,1,0,1,0,0,0,1,0,0,0,0,0,1
3,3,3,3,3,0,1,3,3,3,3,3,3,3,3,4,4,3,3,4,4,4,4,3,4,4,4,3,3,3,3,3,3,3,3,4,4,4,4,4,4,3,3,3,4,3,3,3,3,3,4,4,3,3,4,3,3,3,3,3,3,3,3,3,3,4,2,2,1,['you-o'],1,1,0,0,1,0,0,0,0,0,0,0,1,0,0,0,0,1
5,5,5,5,4,1,1,5,5,5,5,5,5,5,5,3,3,3,3,3,4,4,4,4,4,5,5,5,5,5,4,4,4,4,4,4,4,4,4,4,5,5,5,5,5,5,5,5,5,5,4,4,4,4,4,3,3,3,3,3,3,3,3,3,3,4,2,4,1,['you-o'],0,0,1,1,0,1,0,0,0,0,1,0,0,1,0,0,0,0
5,3,3,3,3,1,1,3,3,3,3,3,3,3,3,4,4,4,3,4,4,4,4,4,4,4,4,4,4,4,4,4,4,4,4,4,4,4,4,4,4,4,4,4,4,4,4,4,4,4,4,4,4,4,4,4,4,4,4,4,4,4,4,4,4,4,3,2,3,['other'],0,1,1,0,0,1,0,0,0,0,1,0,0,1,0,0,0,0
5,3,4,3,5,1,1,3,3,3,5,5,4,4,3,4,4,3,3,3,3,3,3,3,3,4,4,4,4,4,3,3,3,3,3,2,2,2,2,2,2,2,2,2,2,2,2,2,2,2,4,3,4,4,4,2,2,2,2,1,1,1,1,1,1,4,2,2,3,"['king cat', 'purino']",1,0,1,0,0,0,0,1,0,0,1,1,0,0,0,0,0,1
4,3,3,2,2,0,1,3,4,4,3,3,3,3,4,4,3,4,4,3,4,4,3,4,4,5,5,4,5,4,3,2,2,2,2,2,2,2,2,2,3,4,4,3,3,3,3,3,3,3,3,2,2,2,2,2,2,2,2,3,3,3,3,3,3,3,3,3,2,['whiskas'],0,1,1,0,0,1,0,0,0,0,1,0,0,0,1,0,0,0
5,4,5,3,4,1,1,4,5,5,5,5,3,3,5,5,5,5,5,5,3,3,2,2,2,4,5,3,5,5,4,4,4,4,4,2,2,2,2,2,5,5,5,5,5,3,3,3,3,3,4,4,4,4,4,2,2,2,2,2,4,4,4,4,4,4,2,2,2,"['purino', 'whiskas']",1,0,1,1,0,0,0,0,0,0,1,0,0,0,0,0,1,0
3,3,4,3,3,0,2,4,4,4,4,4,4,4,4,3,3,3,3,3,4,4,3,4,4,4,4,4,4,4,4,4,4,4,4,4,4,4,4,4,4,4,4,4,4,4,4,4,4,4,4,4,4,4,4,4,4,4,4,4,3,3,3,3,3,4,2,2,3,['you-o'],1,0,0,0,1,0,1,0,0,0,1,0,0,1,0,0,0,0
4,3,5,2,3,1,1,3,3,4,4,4,3,5,3,3,3,3,3,4,3,3,3,3,3,3,3,3,3,3,3,3,3,3,3,4,4,3,4,4,4,5,3,3,3,4,4,3,3,3,1,1,1,1,1,4,4,4,4,4,3,3,2,2,2,2,2,4,2,['other'],1,0,0,0,1,1,0,0,0,0,1,0,1,0,0,0,0,1
